k,silhouette,calinski_harabasz,inertia
4,0.05102179043273196,30.14091630201257,767.9058455126466
5,0.038390978482251925,24.108685842541178,763.1711502288397
6,0.011239871978082114,20.27047668653343,759.318010884951
7,0.042840959193634655,17.50049540553798,756.4542503516873
8,0.010765493189154337,15.447369439684099,753.9989730362604
9,0.00989902621531133,13.712461501676884,752.7261107988124
10,0.009779898082609036,12.52837067337979,750.3399469763931
11,0.015208275536811321,11.40920478305034,749.2452818845468
12,0.009014172384166064,10.310059932102401,749.6590690734809
